PassengerId,Survived,Pclass,Name,Sex,Age,SibSp,Parch,Fare,Embarked
1,0,2,Passenger_1,female,17.215215319057442,4,4,25.67446597577958,C
2,1,3,Passenger_2,male,26.049471893646515,4,4,116.55030449034159,S
3,0,1,Passenger_3,male,42.11443662828532,3,0,20.86705455247056,C
4,0,1,Passenger_4,male,40.69734509894785,2,0,17.288661251793826,S
5,0,1,Passenger_5,female,40.823500893733325,2,4,97.45096904364478,C
6,1,1,Passenger_6,female,13.827483484033955,5,5,32.49309583052221,C
7,0,1,Passenger_7,male,26.687875089792026,3,2,41.09680217102913,S
8,0,1,Passenger_8,female,24.45048630933073,3,4,39.262818061128975,Q
9,0,1,Passenger_9,female,35.95250379184583,3,0,32.91045697525022,Q
10,1,2,Passenger_10,male,34.69921185508457,5,3,27.014225862096623,C
11,0,3,Passenger_11,male,32.17598263040111,2,1,20.095480925091067,S
12,0,1,Passenger_12,female,64.52027537587901,3,5,51.94279285113697,Q
13,0,2,Passenger_13,male,25.928714877983474,0,5,37.94037326973095,S
14,0,2,Passenger_14,female,24.29047679504038,4,3,71.9108657100184,Q
15,1,3,Passenger_15,female,13.805504615295217,4,3,64.48082154848463,S
16,0,1,Passenger_16,female,8.470137436995813,1,0,22.17463419423787,C
17,1,3,Passenger_17,female,12.915556718979143,1,4,53.255638282170686,S
18,1,1,Passenger_18,male,19.938453043794084,5,2,37.4648502763594,Q
19,1,2,Passenger_19,male,48.34102332212994,5,5,20.250186720990033,C
20,0,2,Passenger_20,male,30.548294661066024,4,5,70.68294711545397,S
21,1,2,Passenger_21,male,32.70662933733827,0,3,46.36024162074906,Q
22,0,2,Passenger_22,female,28.65217368517065,2,4,37.77349939488563,C
23,1,3,Passenger_23,female,35.11421390230504,2,5,24.332982907301623,S
24,1,1,Passenger_24,male,49.629010061049804,5,2,19.16189716779983,Q
25,1,1,Passenger_25,female,2.0849682922474955,0,3,109.66304071743639,S
26,1,3,Passenger_26,female,47.05672241819532,5,2,60.0235594888999,S
27,1,1,Passenger_27,female,0.0,2,4,17.2661288839155,C
28,1,2,Passenger_28,male,30.394837961306987,5,5,58.635976949684384,C
29,1,1,Passenger_29,male,60.68670296642181,3,1,81.86048530386613,Q
30,1,2,Passenger_30,male,39.529211153441615,5,5,55.025528375901274,C
31,0,3,Passenger_31,female,35.22282509448891,4,4,91.22064026399373,Q
32,0,1,Passenger_32,male,58.027243535241624,5,5,3.7156057379009866,S
33,1,3,Passenger_33,male,20.157119427983986,4,5,9.739661421406318,S
34,1,1,Passenger_34,male,36.07554391451067,0,0,57.8155226556126,Q
35,1,2,Passenger_35,male,38.093639364634505,2,5,58.29488430121649,S
36,0,3,Passenger_36,male,22.68637012082164,1,5,50.18500534762727,C
37,1,1,Passenger_37,male,23.92245748705627,1,2,31.292717263939544,S
38,0,2,Passenger_38,female,22.387087934873243,2,1,19.740130568496344,C
39,0,3,Passenger_39,female,31.222409636119895,1,2,8.241612778905306,Q
40,0,3,Passenger_40,male,37.65368248079838,5,2,19.668747061705673,Q
41,0,1,Passenger_41,male,31.725223820805272,0,3,67.87363404798079,S
42,0,1,Passenger_42,female,39.93246544401798,0,0,19.47784936130875,S
43,1,1,Passenger_43,female,2.431937996370337,2,2,20.506335962544753,C
44,1,2,Passenger_44,male,26.944483707600288,1,4,1.4358407342696324,C
45,1,1,Passenger_45,male,15.672129655090954,5,4,88.06728927547478,S
46,1,3,Passenger_46,male,34.22411517756058,0,5,63.03897096411903,S
47,1,3,Passenger_47,male,34.01684400141252,0,3,24.77068608708703,Q
48,0,1,Passenger_48,female,28.381290390595627,3,0,20.532797623304408,Q
49,1,1,Passenger_49,male,37.143906147448995,3,0,65.85553653184778,Q
50,1,3,Passenger_50,male,43.96937805569639,0,5,88.4417764694851,S
51,0,2,Passenger_51,male,29.15271268771168,2,4,75.2251627809997,S
52,1,1,Passenger_52,male,15.276271566604173,4,1,39.329512692263435,S
53,0,1,Passenger_53,female,7.862394007127268,4,3,7.941305823791154,Q
54,1,3,Passenger_54,female,30.505542454621796,5,5,76.10746981733931,S
55,0,1,Passenger_55,female,33.386133821189574,0,3,41.09309446038487,C
56,1,2,Passenger_56,male,16.426665546720294,0,4,52.0658604384521,S
57,1,3,Passenger_57,male,40.16073552428246,0,4,44.67738685374509,S
58,0,1,Passenger_58,female,23.574603598455973,2,1,9.334115012711962,S
59,0,3,Passenger_59,male,6.809939887603896,3,1,60.92750636668967,S
60,0,1,Passenger_60,male,47.59010879283265,0,0,56.7937709334034,S
61,0,1,Passenger_61,female,46.015830868830285,0,3,37.226334712556046,C
62,0,1,Passenger_62,female,1.7816078867166283,1,3,64.13317399587461,C
63,0,2,Passenger_63,female,22.123596056848307,2,4,8.78001357730082,S
64,0,2,Passenger_64,female,21.57782846020013,5,0,41.929916723506736,Q
65,0,3,Passenger_65,male,52.95284123184504,0,5,50.783824188073666,S
66,1,1,Passenger_66,male,28.60990205941681,1,3,2.0478289640518668,S
67,1,1,Passenger_67,female,9.057705227224154,4,0,48.2871016749184,S
68,0,2,Passenger_68,male,42.34946695137229,5,0,72.00935440043888,Q
69,1,1,Passenger_69,female,12.769142359274866,0,4,40.90307227871397,Q
70,1,2,Passenger_70,female,26.355233129895343,0,0,48.97655292456967,Q
71,1,1,Passenger_71,male,19.223235709667726,1,1,66.870321177025,C
72,1,3,Passenger_72,female,22.153628624080838,2,1,38.36599673401182,Q
73,0,1,Passenger_73,male,43.12161325389515,0,2,41.06607801367133,C
74,1,1,Passenger_74,male,51.29862225865032,4,4,14.698894564025984,C
75,0,2,Passenger_75,male,12.158837550688702,0,5,49.55189668037704,Q
76,1,1,Passenger_76,male,38.76506995710944,4,2,39.954545491856585,Q
77,1,1,Passenger_77,female,19.741449184340055,5,1,64.97269385159967,Q
78,1,2,Passenger_78,male,20.176593259662944,5,2,66.90379862549717,C
79,0,3,Passenger_79,female,36.868907099918005,3,4,73.73627117038643,S
80,1,3,Passenger_80,female,15.60936128000827,3,4,34.752189473146075,Q
81,0,2,Passenger_81,female,36.588436410850626,4,0,15.29743256872348,Q
82,1,2,Passenger_82,female,40.22158699113629,2,3,72.24919239394325,Q
83,0,2,Passenger_83,male,23.944548336213742,0,0,62.933628922922274,C
84,1,2,Passenger_84,male,48.57909342819133,0,4,30.941251859417303,C
85,0,2,Passenger_85,female,12.180455431138903,3,1,66.64820598702012,S
86,0,3,Passenger_86,female,48.83568666856341,4,5,6.542305924512753,Q
87,1,3,Passenger_87,male,2.7841759872081404,0,1,80.90720638610824,C
88,0,2,Passenger_88,female,67.79599796587314,0,0,39.9912634461785,S
89,1,1,Passenger_89,male,24.313168659294345,2,5,25.13217160985314,Q
90,1,2,Passenger_90,female,13.727699810573352,1,4,31.34895331283337,C
91,1,1,Passenger_91,male,26.74259328072002,3,1,43.055450419993626,Q
92,1,2,Passenger_92,female,15.349308803258003,3,4,49.6396378010161,Q
93,1,2,Passenger_93,female,35.41751418396359,1,5,51.44840841198221,C
94,1,3,Passenger_94,male,49.147202640582066,0,5,37.11177668125628,C
95,1,1,Passenger_95,female,16.091612835206515,2,1,56.007187203844374,C
96,1,1,Passenger_96,female,38.11158934843605,2,4,50.24837823000301,Q
97,1,3,Passenger_97,male,8.541704835459367,3,2,30.572810132768026,Q
98,1,3,Passenger_98,female,44.461366265200574,2,4,26.05428126736208,S
99,1,3,Passenger_99,male,35.82730913698634,5,5,68.25096628684513,Q
100,0,3,Passenger_100,male,45.06656649862448,1,4,65.72978107993715,C
101,0,1,Passenger_101,female,28.287143363024526,0,0,51.7140906548379,Q
102,1,1,Passenger_102,female,23.907807630033474,5,2,77.72586397970603,S
103,1,2,Passenger_103,female,41.42564410480266,1,3,8.839829685029038,S
104,1,2,Passenger_104,female,11.687320698182141,4,0,33.06816075479891,C
105,1,3,Passenger_105,female,5.600459355729946,3,3,15.310486629960671,C
106,1,3,Passenger_106,female,29.930532223439467,2,1,117.68816795413552,S
107,1,3,Passenger_107,female,24.545647503976905,4,3,71.39659461187959,S
108,1,2,Passenger_108,male,37.753666644941646,2,4,47.628140490251724,S
109,1,2,Passenger_109,female,45.28171994039596,5,3,73.5497173653847,C
110,0,2,Passenger_110,male,37.462197108115944,0,5,83.48826991265345,S
111,1,2,Passenger_111,female,44.16664636557444,0,0,83.16895074572213,S
112,0,2,Passenger_112,female,34.49473266665029,0,0,77.6511045530106,C
113,1,2,Passenger_113,male,36.92434047649538,2,3,42.12379030153815,Q
114,1,2,Passenger_114,female,28.366799062348207,4,0,34.95903741548144,Q
115,0,3,Passenger_115,female,36.51063645421255,0,5,21.134324600579447,S
116,1,3,Passenger_116,male,32.333139599889186,4,0,65.07341800187022,Q
117,0,3,Passenger_117,female,34.552475151406895,2,3,45.231927940136565,Q
118,1,3,Passenger_118,female,27.665863536784254,5,2,37.44586908448412,Q
119,1,2,Passenger_119,female,41.32500880659818,4,2,35.88015914816593,Q
120,0,1,Passenger_120,male,20.05366430231068,5,1,93.50577891904065,S
121,1,2,Passenger_121,female,29.74311370734251,2,0,78.58041238525014,Q
122,0,1,Passenger_122,female,48.36497460290606,2,3,104.91181568384496,Q
123,1,3,Passenger_123,female,16.717894479104245,3,0,65.87048899676326,C
124,0,2,Passenger_124,female,0.0,2,4,51.70863320764694,S
125,0,3,Passenger_125,male,35.13040032817161,2,5,49.23792647765226,C
126,1,2,Passenger_126,male,26.40263713505101,1,0,19.390953582155813,C
127,1,3,Passenger_127,female,44.15207136520575,0,0,12.157430247457981,S
128,0,1,Passenger_128,female,28.172788881442088,3,2,65.22023065678624,Q
129,1,1,Passenger_129,male,21.539252998113636,3,5,21.959638685502355,C
130,1,1,Passenger_130,male,28.938556458545012,3,3,56.34373261601708,S
131,1,2,Passenger_131,female,45.30296021258495,1,0,83.46400049285634,Q
132,0,1,Passenger_132,male,38.05517478069325,5,2,30.036382009073105,S
133,0,2,Passenger_133,female,0.0,2,1,110.31444903774734,C
134,0,1,Passenger_134,male,32.600744889214795,0,5,20.27914637167702,Q
135,0,1,Passenger_135,male,33.30066985361967,4,2,79.70584269469538,Q
136,0,2,Passenger_136,male,29.74450048719273,5,2,62.74268543397087,S
137,0,2,Passenger_137,male,21.44754151803975,2,2,85.82285749838454,Q
138,0,1,Passenger_138,female,46.72344624309022,1,0,16.514071659209307,C
139,0,2,Passenger_139,male,47.41647527388807,2,0,119.21062750860833,C
140,0,1,Passenger_140,male,0.0,2,1,44.63674748651283,C
141,1,2,Passenger_141,female,18.82856731161978,1,4,70.29943817897845,S
142,0,3,Passenger_142,male,27.97377088199992,3,4,93.33462466839504,Q
143,1,3,Passenger_143,male,43.27911485203338,3,4,31.86013797514353,Q
144,1,3,Passenger_144,female,30.487940269484728,0,5,74.77179088841535,Q
145,1,3,Passenger_145,male,20.429686797691073,0,5,26.855910643355216,C
146,0,3,Passenger_146,female,39.933470082303245,3,1,91.90884741373517,Q
147,0,1,Passenger_147,female,27.041294802286107,5,5,27.19457806313799,C
148,0,3,Passenger_148,female,28.356387971830564,4,4,51.15520947487278,Q
149,0,3,Passenger_149,female,29.61978193234293,2,4,59.1836210303588,C
150,1,3,Passenger_150,male,38.040318171738775,4,2,73.52899309167847,Q
151,0,3,Passenger_151,female,25.68030557656698,2,5,109.05428925279635,S
152,0,2,Passenger_152,male,39.61725089706111,3,0,36.44093031156532,S
153,0,1,Passenger_153,male,28.977034442300983,0,0,84.16204322820819,C
154,0,3,Passenger_154,male,15.061767790149736,5,2,109.10775345902411,C
155,0,3,Passenger_155,male,29.485131720263727,0,2,54.97200082594752,Q
156,1,3,Passenger_156,male,15.787012355966992,4,2,33.49601749639126,Q
157,0,1,Passenger_157,male,30.573815056863186,0,0,1.9010121830587465,S
158,1,2,Passenger_158,male,41.61263500924053,3,4,106.49827302233186,Q
159,0,1,Passenger_159,male,14.969193915970394,5,2,42.66667010226909,C
160,1,2,Passenger_160,male,35.09982768126214,4,1,19.95924502308347,C
161,0,3,Passenger_161,male,18.39347558305509,5,2,9.250097473707115,C
162,0,3,Passenger_162,female,32.823807838831655,2,3,19.90357428829876,C
163,1,1,Passenger_163,female,42.04285938828678,0,2,77.59115879681495,C
164,1,1,Passenger_164,female,0.18681696245942092,5,0,81.73605583024215,S
165,1,2,Passenger_165,male,14.397338423801163,1,5,69.5636561436661,S
166,0,2,Passenger_166,female,24.834287768461092,0,2,53.97013482060093,C
167,1,1,Passenger_167,female,34.410566848542615,2,5,12.634382314959929,Q
168,0,2,Passenger_168,female,27.670633388983468,5,3,28.101771622938575,C
169,0,1,Passenger_169,male,29.357669052267134,4,1,16.801417679561737,S
170,1,2,Passenger_170,male,58.601783354917586,2,5,67.18463016578795,C
171,1,1,Passenger_171,male,13.025598096110812,1,4,18.10062563414887,S
172,0,1,Passenger_172,male,45.89679022907879,5,2,28.572616668392225,S
173,0,1,Passenger_173,female,25.100306219838167,3,3,44.49538271004479,C
174,1,2,Passenger_174,female,37.69264709498228,0,3,0.09400459289041407,C
175,1,2,Passenger_175,female,59.8052517804384,4,5,51.403142925225396,Q
176,1,2,Passenger_176,female,39.64149233159596,3,1,46.785413568933905,S
177,0,1,Passenger_177,male,35.214939937059995,5,0,85.52627437885073,Q
178,0,2,Passenger_178,male,52.387712692091256,5,2,25.40403364898744,C
179,0,2,Passenger_179,male,45.74718102430468,2,3,11.02413445062993,S
180,0,1,Passenger_180,female,18.808482933739903,5,1,38.77821051226145,Q
181,0,3,Passenger_181,male,34.12334639435398,4,4,17.05726119691952,Q
182,0,1,Passenger_182,male,5.955059722029368,3,3,51.174637754393736,Q
183,1,2,Passenger_183,female,22.437852562760483,4,1,5.798045854798183,C
184,0,1,Passenger_184,female,34.39674154639803,1,0,31.83963789868156,C
185,0,3,Passenger_185,male,21.570525061062376,1,0,22.148849905333407,C
186,0,1,Passenger_186,male,33.827134443606944,0,3,67.03271231258206,S
187,1,2,Passenger_187,male,29.812615380857455,0,3,25.683058711239045,C
188,0,3,Passenger_188,male,37.5098342535306,1,5,2.0828727579549735,S
189,0,2,Passenger_189,male,24.061213691606447,5,2,43.94539709196355,Q
190,1,3,Passenger_190,male,16.837915197886016,4,1,59.59658420823527,Q
191,0,3,Passenger_191,female,50.69377556642566,1,3,41.86384420217823,C
192,0,1,Passenger_192,female,23.06024560234078,0,2,31.660316623426766,Q
193,0,1,Passenger_193,female,39.24014830363966,1,5,29.85313698247212,C
194,0,2,Passenger_194,male,50.09345837061551,5,2,53.38844097326102,S
195,0,1,Passenger_195,female,32.277379985965446,1,3,23.316537522813555,Q
196,1,1,Passenger_196,male,18.01170802779591,4,0,40.14551085768399,C
197,1,3,Passenger_197,male,27.499460356337178,3,1,72.51339712662121,Q
198,1,1,Passenger_198,female,44.245572832494545,5,1,10.960307632830641,Q
199,0,3,Passenger_199,male,32.88746564033008,0,0,48.689989407791835,C
200,0,3,Passenger_200,male,13.128014909140123,4,3,3.6696823839101427,Q
201,0,3,Passenger_201,female,38.35301366947197,1,1,56.83789010029859,Q
202,1,2,Passenger_202,female,40.77344056671398,1,3,20.635723676028167,Q
203,0,2,Passenger_203,female,25.02563359434893,3,5,80.58775439092385,Q
204,0,2,Passenger_204,male,38.54342125846644,0,3,5.691580710639535,S
205,1,3,Passenger_205,female,33.430260336446544,0,2,63.26237110403024,Q
206,0,2,Passenger_206,female,27.23598645901145,2,0,86.6339323557948,Q
207,1,2,Passenger_207,male,11.890499589688709,0,3,19.079317957385943,C
208,1,1,Passenger_208,female,45.091354531480604,3,5,24.14345213015181,S
209,1,2,Passenger_209,female,40.62895399887766,2,4,21.674130668702073,C
210,0,2,Passenger_210,female,38.17440812125437,2,0,35.42411934787088,C
211,0,3,Passenger_211,male,51.62336405149331,1,1,65.52265397568397,C
212,0,3,Passenger_212,male,43.23271217819031,1,2,32.97485198338629,S
213,0,3,Passenger_213,male,39.611924086121874,0,1,16.371253243809292,C
214,0,3,Passenger_214,male,0.0,2,5,10.562611197498711,C
215,0,3,Passenger_215,female,46.75652932523382,1,5,98.05842519537188,C
216,0,3,Passenger_216,male,31.16312719994871,3,1,100.41486891243943,Q
217,1,2,Passenger_217,male,34.37488352359994,1,0,66.8071111846537,C
218,0,3,Passenger_218,female,34.4706646557074,5,1,25.688489167250456,S
219,1,3,Passenger_219,female,40.833658410991916,5,3,72.4310634539494,S
220,0,1,Passenger_220,female,45.71045040322359,1,1,78.46120752479199,Q
221,0,2,Passenger_221,male,38.87937600282911,2,2,42.372556057617984,S
222,0,2,Passenger_222,male,36.65399825047848,2,2,51.24105631996672,S
223,1,2,Passenger_223,male,33.241178350138,4,4,86.95304688468477,Q
224,1,3,Passenger_224,female,0.0,5,2,0.7861592883077506,C
225,1,3,Passenger_225,female,25.973725727697364,3,1,79.95268469366522,Q
226,1,3,Passenger_226,male,16.817746757090962,2,2,40.72538565930461,C
227,0,1,Passenger_227,female,46.950353545147195,0,0,16.62265093966849,C
228,1,3,Passenger_228,female,38.66652077600811,5,2,19.090805801169836,S
229,0,1,Passenger_229,female,23.58608217900772,3,3,24.05833596442735,Q
230,0,2,Passenger_230,male,24.99195944823058,3,0,13.697878396963908,S
231,1,3,Passenger_231,female,24.4842609137661,2,4,103.14166923167048,S
232,1,1,Passenger_232,female,24.234433839535125,3,3,64.73608815503003,C
233,1,1,Passenger_233,male,9.776195790652839,2,1,81.93448260825704,S
234,1,3,Passenger_234,male,6.742087094111252,1,1,66.87104874850034,Q
235,1,2,Passenger_235,female,30.406654813344417,5,1,51.8368282541052,S
236,1,2,Passenger_236,female,45.054397951030964,4,3,52.242659700968964,S
237,1,2,Passenger_237,male,22.47234423600992,1,3,38.074620832704134,C
238,1,1,Passenger_238,male,34.24822651293663,5,3,40.526528706794885,Q
239,0,1,Passenger_239,female,40.27965284047416,2,0,7.756898785613252,S
240,1,1,Passenger_240,female,16.092705121826008,5,5,82.45478453120789,C
241,1,1,Passenger_241,female,29.720343997921358,2,0,4.396998580091363,S
242,0,2,Passenger_242,female,20.66871326217079,1,1,18.241682284124025,Q
243,1,3,Passenger_243,male,52.48567288563811,0,5,110.36102392881833,S
244,0,1,Passenger_244,female,51.8744330960696,0,2,54.0851864919448,S
245,0,1,Passenger_245,female,16.10720024175209,5,1,55.33131335090596,C
246,1,2,Passenger_246,male,35.40238136318056,0,4,69.12015643303187,S
247,0,3,Passenger_247,female,44.94639021137486,2,0,3.7898752063581327,C
248,0,3,Passenger_248,male,41.876613005268624,3,3,8.186199005899304,Q
249,0,2,Passenger_249,female,31.141882489781118,2,0,36.6531696035346,S
250,0,2,Passenger_250,female,48.29180446470087,3,3,22.899171273569294,Q
251,1,3,Passenger_251,male,17.33679435414794,1,5,47.75132104971798,Q
252,0,1,Passenger_252,male,25.75669877847431,4,4,64.56647885906408,S
253,1,3,Passenger_253,female,17.71300612336595,3,5,91.67489143611787,C
254,0,2,Passenger_254,female,40.9549089258087,0,4,74.33265019368773,Q
255,0,1,Passenger_255,female,21.843083759807676,2,0,20.17169864933137,Q
256,0,1,Passenger_256,male,27.6025115438808,1,3,38.751077661566214,S
257,0,2,Passenger_257,female,38.647385155720485,0,5,30.59164486251156,S
258,1,2,Passenger_258,male,39.77549879288942,1,4,19.503173629629515,S
259,1,2,Passenger_259,male,17.30023115242649,4,1,12.67474661966503,S
260,0,3,Passenger_260,female,44.79317397281909,2,1,99.92937163173622,S
261,0,3,Passenger_261,male,36.37965536134152,5,5,50.3192672969795,S
262,1,1,Passenger_262,female,14.856160245874381,2,3,43.27309380185756,C
263,0,2,Passenger_263,female,11.41197745940742,4,5,64.52772699782905,Q
264,0,1,Passenger_264,female,29.77852405633105,2,0,66.01238311224719,C
265,0,1,Passenger_265,female,41.901315850435324,5,4,83.56476961119265,C
266,1,1,Passenger_266,female,42.260022073613726,3,0,27.690151598997033,S
267,1,1,Passenger_267,male,34.98633628114779,1,1,62.08166650618461,Q
268,1,2,Passenger_268,male,30.681447736575564,5,4,22.66478070947514,C
269,0,1,Passenger_269,female,37.164327367106075,0,5,44.295261687838156,S
270,0,2,Passenger_270,female,18.025372798550382,4,0,51.70227701486162,S
271,1,2,Passenger_271,male,53.61783008235548,3,2,54.63451987157183,Q
272,1,3,Passenger_272,male,53.43513785371529,0,3,53.30963317541572,C
273,1,2,Passenger_273,male,36.00337240468977,0,3,74.05492947634758,C
274,1,3,Passenger_274,male,32.76220587989993,4,2,32.090348270726835,C
275,0,2,Passenger_275,female,24.240106382768815,3,1,55.450228187104145,S
276,1,2,Passenger_276,female,37.40248384119525,0,4,27.232854814388,Q
277,0,2,Passenger_277,male,20.321556805765127,0,3,137.62257697657643,Q
278,1,3,Passenger_278,female,0.0,3,2,22.614070467091107,C
279,0,3,Passenger_279,male,0.0,2,5,28.98042036966336,S
280,1,1,Passenger_280,female,18.807023335711186,0,2,76.4794423103936,C
281,1,3,Passenger_281,male,32.189293720855886,1,1,37.116045694965244,Q
282,1,3,Passenger_282,female,34.647604275348755,3,1,76.49138383103087,S
283,1,3,Passenger_283,male,23.18540188087001,0,0,54.590677811776544,C
284,0,3,Passenger_284,male,31.985692340000647,4,3,37.9043220033863,C
285,1,1,Passenger_285,female,26.160803001236566,5,0,27.41733952625668,S
286,0,3,Passenger_286,male,16.009621392898076,1,2,26.334903150893815,Q
287,0,2,Passenger_287,female,29.247576874432248,5,4,38.23036992461774,S
288,0,2,Passenger_288,female,41.38139957311909,5,4,44.768110449656064,C
289,0,3,Passenger_289,male,16.643135531551486,0,1,25.04356269728377,C
290,1,3,Passenger_290,female,16.649535417724227,1,4,46.72302709440366,C
291,0,2,Passenger_291,female,15.030491684669785,1,4,17.176541219959773,C
292,0,2,Passenger_292,female,2.8887377168863786,2,4,72.67703649789055,Q
293,0,1,Passenger_293,female,23.277166761941736,5,2,78.42087198379893,Q
294,1,2,Passenger_294,female,39.997205581335436,1,4,28.87024429374406,C
295,1,2,Passenger_295,male,32.43482517367268,2,5,27.19480834654339,Q
296,1,3,Passenger_296,female,27.630487623211707,3,4,55.33750421029617,Q
297,1,2,Passenger_297,female,31.806907175362365,2,4,87.96098279094694,Q
298,0,1,Passenger_298,female,23.154259175991786,4,0,94.5999099275952,C
299,0,2,Passenger_299,female,2.72958707831139,0,2,7.917718302911979,S
300,1,3,Passenger_300,female,40.97206294540392,3,1,80.18914488954572,S
301,0,3,Passenger_301,male,44.995744032985115,3,0,48.15339986194416,S
302,0,2,Passenger_302,female,19.80580513505098,4,3,48.734308986183954,C
303,0,3,Passenger_303,male,27.88830131150822,2,2,65.14137096951683,Q
304,1,1,Passenger_304,male,26.682011605157758,0,5,35.57127588751657,Q
305,1,1,Passenger_305,male,34.91804333194358,2,2,82.90101896324914,C
306,0,2,Passenger_306,male,53.658508392768056,1,3,92.7188681530942,C
307,1,2,Passenger_307,female,46.23707743405028,2,3,93.8385283260571,S
308,1,2,Passenger_308,male,24.723200844205458,3,3,5.317443647958399,S
309,1,3,Passenger_309,male,37.59449406100332,0,1,43.11028193814711,C
310,1,1,Passenger_310,female,47.56099616001798,2,4,8.056917544232725,S
311,1,1,Passenger_311,female,35.71683230152689,0,2,27.04159814169974,Q
312,0,3,Passenger_312,female,29.934208337837585,0,4,21.92496613388974,C
313,1,1,Passenger_313,male,36.244001325340605,1,4,63.507999039184604,C
314,0,2,Passenger_314,female,20.154198684111375,1,5,56.57928906740523,Q
315,0,2,Passenger_315,female,22.198064262542864,3,3,37.021966803297026,Q
316,1,2,Passenger_316,male,15.103520707184636,4,1,26.265556683490953,Q
317,0,1,Passenger_317,female,34.2989032319834,0,5,59.42094873061011,S
318,0,2,Passenger_318,female,28.160359315688666,4,0,19.65733785886711,C
319,0,3,Passenger_319,female,18.476347141126887,3,1,17.61613655698021,S
320,1,3,Passenger_320,female,27.70148823731293,0,4,13.927513941958729,Q
321,1,1,Passenger_321,male,36.57997565068438,0,1,43.88477207784053,S
322,0,3,Passenger_322,female,56.80597228397189,5,3,32.53077291401712,Q
323,1,3,Passenger_323,female,44.168950105854016,4,0,38.472859446089885,S
324,1,1,Passenger_324,male,0.0,2,3,65.65426220056196,S
325,1,2,Passenger_325,female,33.35031853548484,1,0,78.89889814578497,Q
326,1,2,Passenger_326,male,50.01053967797996,2,5,93.51442354687657,S
327,0,2,Passenger_327,female,11.269771123056742,4,4,51.804109339048765,C
328,0,1,Passenger_328,male,37.721829782973934,1,0,60.427673076883096,S
329,1,3,Passenger_329,male,26.68700940256536,2,0,55.665390713927415,S
330,1,2,Passenger_330,male,46.104067432826255,5,0,0.225570964417102,C
331,0,2,Passenger_331,male,35.65960073018833,1,1,38.909088320867404,Q
332,0,1,Passenger_332,female,17.62378363617111,0,5,39.04705331778009,C
333,1,2,Passenger_333,male,27.188079303931325,2,1,34.67561522691165,S
334,0,1,Passenger_334,female,28.016260535333274,1,4,48.77182014143486,Q
335,1,3,Passenger_335,male,28.27550499265931,5,0,43.41558340357014,S
336,1,1,Passenger_336,male,45.66968122685368,1,5,20.41019708224827,S
337,0,1,Passenger_337,male,18.203321100536776,1,5,45.46922138458841,C
338,0,1,Passenger_338,female,44.04271833525657,5,2,30.828488087449077,C
339,1,1,Passenger_339,male,25.768504537098718,2,4,28.577281807506765,Q
340,1,3,Passenger_340,female,33.12915548860831,3,5,8.087932390686099,Q
341,0,3,Passenger_341,female,31.013286207934478,2,0,52.66742977439236,Q
342,1,2,Passenger_342,female,29.694725266854316,4,0,82.75673942462328,S
343,0,3,Passenger_343,female,29.809560317765488,5,5,22.81609773034795,C
344,1,3,Passenger_344,female,50.403019815794295,2,1,23.88825098739028,C
345,0,2,Passenger_345,female,41.79429894868602,1,4,62.943615019842795,C
346,0,3,Passenger_346,female,24.921980345880982,5,0,76.34586391259504,Q
347,0,1,Passenger_347,female,52.15902155770928,0,5,37.39659315271946,C
348,1,1,Passenger_348,female,33.84553503589994,2,0,29.51652924736792,C
349,1,2,Passenger_349,male,35.00673963053452,5,5,86.5913224967058,C
350,0,2,Passenger_350,male,18.27753288936052,2,4,73.88278117995706,Q
351,1,2,Passenger_351,male,23.035018782328038,5,5,75.75855194228046,C
352,0,1,Passenger_352,male,20.36095088901954,1,2,35.958079925277644,Q
353,0,3,Passenger_353,male,31.20502010991145,0,5,83.41082713051036,C
354,1,1,Passenger_354,female,38.94296311227493,0,5,8.352061985911348,C
355,1,2,Passenger_355,female,35.141252191910986,4,4,83.93690274977041,C
356,0,3,Passenger_356,female,52.23261818497414,5,5,48.00403539674331,Q
357,1,3,Passenger_357,female,17.571387927042707,2,4,53.868025737434444,Q
358,1,1,Passenger_358,female,31.608166609544348,0,2,21.64242025767569,C
359,0,2,Passenger_359,female,12.038849389823874,0,4,4.42079044324452,S
360,0,1,Passenger_360,female,17.09380639755433,3,0,53.23112443375192,Q
361,1,3,Passenger_361,male,47.70409728273849,3,4,66.54183648774192,Q
362,0,1,Passenger_362,male,23.51569186939948,0,2,71.08077154456295,C
363,0,1,Passenger_363,male,18.752906855156205,5,3,67.84335787473759,S
364,1,2,Passenger_364,male,0.18032374183874111,4,5,61.04485085160373,C
365,0,2,Passenger_365,female,18.613034930955155,0,4,22.2864069142112,Q
366,0,3,Passenger_366,female,27.126076161270294,1,5,73.02428217560099,Q
367,1,1,Passenger_367,female,10.996358562993045,2,1,18.931329575740143,C
368,1,1,Passenger_368,male,26.321032554245438,4,0,83.21192708195403,C
369,0,1,Passenger_369,female,47.78883484921513,1,0,47.48054393581481,S
370,0,3,Passenger_370,female,20.09772523540334,4,1,48.478723404035485,S
371,1,3,Passenger_371,female,16.7926373088209,1,1,75.97779854915305,Q
372,1,2,Passenger_372,male,14.265379463888697,2,4,80.04405876602416,S
373,1,2,Passenger_373,female,14.015302704778797,2,1,73.11916036850415,S
374,1,2,Passenger_374,male,37.498084256438005,3,3,25.38626451332994,Q
375,0,1,Passenger_375,male,30.68136231636271,5,5,72.88008651315657,Q
376,1,1,Passenger_376,male,43.395996309858035,1,5,25.55631170088656,Q
377,1,2,Passenger_377,male,58.27773048315957,3,2,73.63704205182978,Q
378,0,1,Passenger_378,female,4.374524153271928,1,1,7.245104118132062,C
379,1,2,Passenger_379,male,35.32110191818482,3,1,47.18959814184906,Q
380,0,3,Passenger_380,male,14.339329317930163,2,3,25.373265814829864,Q
381,1,2,Passenger_381,female,41.04459017246831,4,0,76.09806957344077,Q
382,1,3,Passenger_382,female,26.19323198497189,3,0,83.4550032226704,S
383,1,1,Passenger_383,male,30.38251865209843,1,5,55.96989541375798,Q
384,0,2,Passenger_384,female,12.035516008982686,1,5,54.98327431813654,C
385,0,1,Passenger_385,male,24.030021648415655,5,4,71.12531367443407,C
386,1,3,Passenger_386,male,31.255271515515634,2,3,83.63344639847352,Q
387,0,3,Passenger_387,male,48.985094055293914,1,2,51.119335239864846,C
388,0,3,Passenger_388,male,18.87615261628024,0,2,35.009740251560586,S
389,0,1,Passenger_389,female,22.290317998575617,4,3,69.41802459321464,Q
390,0,1,Passenger_390,male,43.220054990551944,3,2,5.761821132810134,C
391,0,1,Passenger_391,female,17.96923602820965,5,0,77.28954618676477,C
392,0,1,Passenger_392,female,45.99339201563776,4,2,28.694391516748638,Q
393,1,3,Passenger_393,female,29.872787953832418,2,2,42.79316401182653,C
394,1,3,Passenger_394,female,34.243721462285805,5,3,77.48153969354934,Q
395,0,2,Passenger_395,male,35.145312235131186,3,3,37.53471450830927,C
396,1,2,Passenger_396,female,21.37291225230749,3,2,69.42226635724408,S
397,1,1,Passenger_397,male,35.45841547261353,0,1,84.16726262223244,C
398,1,3,Passenger_398,female,19.186823019599796,2,3,53.300992701425166,C
399,1,3,Passenger_399,female,22.97055794261568,5,4,59.343444674741356,Q
400,0,3,Passenger_400,male,37.82167352446586,5,4,46.416923781688425,C
401,1,2,Passenger_401,male,34.10751537898664,1,0,53.46793991191161,Q
402,1,2,Passenger_402,male,28.950490688253332,0,2,16.507856601499036,S
403,0,3,Passenger_403,female,12.37775691031785,0,1,41.187857403257745,Q
404,0,3,Passenger_404,female,15.871783949105179,5,0,11.353831790524417,Q
405,1,3,Passenger_405,male,33.873926614669784,5,2,23.03698326417804,C
406,1,2,Passenger_406,male,40.24996788879162,4,3,10.088470620164884,S
407,1,3,Passenger_407,male,14.4649629367094,4,4,57.917844605146605,Q
408,1,3,Passenger_408,male,18.242446535669654,4,5,100.7480649613224,C
409,1,1,Passenger_409,female,31.878592438488074,0,1,36.31682794578287,C
410,1,1,Passenger_410,male,31.579030076807307,1,5,78.95400771717138,Q
411,0,2,Passenger_411,male,7.264599077345423,3,4,83.77078448050747,C
412,1,3,Passenger_412,male,32.261882188159845,4,5,14.025882969551887,Q
413,1,3,Passenger_413,male,21.622850656776937,1,3,20.486182469275338,Q
414,0,1,Passenger_414,female,52.97465281620541,2,2,79.72394265056623,Q
415,0,2,Passenger_415,male,33.48877959829919,4,3,47.22975911024443,S
416,0,1,Passenger_416,female,35.90062829826264,3,5,11.27633401548222,Q
417,0,1,Passenger_417,male,36.26303023066855,2,3,30.89421239214178,C
418,1,1,Passenger_418,male,13.005016670864098,2,4,62.589807344361965,S
419,1,1,Passenger_419,female,57.21427650352045,3,1,26.181899776854987,C
420,1,3,Passenger_420,male,7.279242535683572,4,3,33.23610596303183,S
421,1,3,Passenger_421,female,41.13984398379639,0,4,40.33960468376491,S
422,1,1,Passenger_422,female,38.66129512472909,3,1,42.77020418434412,S
423,1,2,Passenger_423,male,23.321966681218562,3,2,50.27679302432982,S
424,0,2,Passenger_424,female,39.33030443398745,3,5,87.76650119868589,C
425,1,2,Passenger_425,female,25.55397521646767,2,2,51.60568393697136,Q
426,0,2,Passenger_426,female,20.543539772019106,1,0,57.28812063277121,C
427,0,1,Passenger_427,female,36.57382837094098,0,4,81.66610920948258,Q
428,1,3,Passenger_428,female,15.90814612476937,4,1,50.31032047507286,C
429,0,2,Passenger_429,female,26.860427777394023,4,3,114.09562235870307,S
430,1,1,Passenger_430,female,21.681525517780592,1,2,12.088751180629941,S
431,0,2,Passenger_431,female,25.29628686597877,3,1,21.975568606764675,Q
432,1,2,Passenger_432,male,36.05820038782258,0,4,68.4187522481244,Q
433,0,1,Passenger_433,male,21.678870787153116,4,0,87.62940598815916,C
434,1,3,Passenger_434,female,27.307465216986895,5,2,43.97615009394127,Q
435,1,3,Passenger_435,male,22.95596647337786,4,5,19.68136487631783,C
436,1,1,Passenger_436,female,50.215953318043645,3,1,102.82968755676055,Q
437,1,3,Passenger_437,female,34.79657357499446,5,5,26.228933155870685,Q
438,1,1,Passenger_438,male,33.080974861534074,1,1,60.171633533989365,Q
439,0,1,Passenger_439,female,39.56785906472794,0,1,89.42455434043356,S
440,0,1,Passenger_440,female,21.68211592515159,1,4,36.75184329736937,S
441,0,3,Passenger_441,female,42.02960114999777,1,4,31.336164882298576,C
442,1,1,Passenger_442,female,34.84648844165838,0,4,33.389367739110085,Q
443,0,2,Passenger_443,male,8.147527361443085,0,3,77.04653769724294,C
444,1,3,Passenger_444,female,10.007568336589294,4,1,81.8044311560798,Q
445,1,3,Passenger_445,female,21.98784126102308,4,2,51.01176175286382,S
446,0,3,Passenger_446,female,11.505909057887617,0,5,106.492467592092,S
447,0,3,Passenger_447,male,26.664101550205835,5,4,50.95899677810384,Q
448,1,2,Passenger_448,female,15.807668120177905,2,4,88.76999642504495,Q
449,0,3,Passenger_449,male,28.631877257007137,4,5,37.03995187247182,S
450,1,3,Passenger_450,male,49.763931263040384,2,5,120.01269601116692,S
451,1,1,Passenger_451,female,29.30872335021341,5,1,97.10394246739133,C
452,1,3,Passenger_452,female,25.758497631372997,0,4,46.160760934144534,S
453,1,2,Passenger_453,male,35.43539706899482,5,5,93.03620626151007,Q
454,1,2,Passenger_454,female,20.25012289908355,4,3,91.51941473516052,C
455,0,2,Passenger_455,male,41.807800331543994,1,3,96.59123228877945,Q
456,0,2,Passenger_456,male,36.932981343737566,0,4,24.459590071609156,C
457,1,3,Passenger_457,female,30.544117868679894,3,5,71.58054347872506,Q
458,1,3,Passenger_458,female,32.16042164287021,2,1,66.26896307917224,S
459,0,2,Passenger_459,male,58.584442747879926,5,1,64.13219842830358,Q
460,0,2,Passenger_460,male,43.19237094375015,0,1,56.550393001936925,C
461,1,3,Passenger_461,male,60.793372836258676,5,0,57.434338385435794,Q
462,0,2,Passenger_462,male,37.448422706094334,0,4,88.49420915894243,C
463,1,1,Passenger_463,female,9.396319802610364,4,1,66.18420121080116,Q
464,0,2,Passenger_464,female,26.329568159906227,4,3,56.50719331197088,S
465,1,2,Passenger_465,female,6.1971317563270745,4,5,84.18143044506857,S
466,0,1,Passenger_466,female,37.396242485336856,5,2,62.54078535235611,Q
467,1,1,Passenger_467,female,40.43565876283562,3,2,65.40705282060141,Q
468,0,3,Passenger_468,male,17.597176056570092,4,1,106.01111326433681,Q
469,0,3,Passenger_469,female,20.821090684944053,0,2,36.96557862351058,C
470,1,1,Passenger_470,female,32.082512547293014,4,2,4.528689847962717,Q
471,0,1,Passenger_471,female,13.226543114300949,1,0,52.170905329723915,Q
472,1,3,Passenger_472,female,12.175763230604538,4,3,56.436300348708926,C
473,0,2,Passenger_473,female,47.34084867257569,5,3,71.64587088371573,S
474,1,1,Passenger_474,male,31.605948654295556,3,0,53.21947743985883,Q
475,0,3,Passenger_475,male,22.186468992116616,1,0,72.65357731917676,Q
476,1,2,Passenger_476,male,6.310335560198933,5,2,125.13850040814708,S
477,0,1,Passenger_477,female,41.93291899652261,5,4,74.04542956631028,S
478,1,2,Passenger_478,male,20.41674502896243,5,5,79.31945903154404,C
479,0,3,Passenger_479,male,56.04958224218754,0,5,46.11405776832697,Q
480,1,1,Passenger_480,female,42.030341367708225,5,2,8.442287314780934,Q
481,1,2,Passenger_481,female,18.686014038298232,0,5,18.943347613892357,C
482,1,1,Passenger_482,female,19.983396240159394,5,0,34.43958253592846,S
483,0,2,Passenger_483,male,54.105916281220644,2,3,27.411149678953592,C
484,1,3,Passenger_484,male,28.820367744316936,1,5,65.40647075057822,S
485,0,3,Passenger_485,female,22.813642803472824,2,2,38.515490467254374,C
486,1,1,Passenger_486,female,30.38810363867198,5,4,10.598754005742705,S
487,0,2,Passenger_487,male,22.749222899246938,1,2,53.92622359845877,C
488,1,1,Passenger_488,male,33.37467867951431,1,1,27.841034190745887,S
489,0,1,Passenger_489,female,28.938469298744316,3,2,63.52328760952305,S
490,0,2,Passenger_490,female,42.25711172716112,2,0,71.22878989467512,S
491,1,2,Passenger_491,male,24.55996255465223,3,3,28.94497511034675,S
492,0,2,Passenger_492,female,17.612570866344942,1,3,42.88156456729022,S
493,0,3,Passenger_493,male,25.1142142472698,0,5,56.44687261514661,Q
494,1,1,Passenger_494,male,25.028825424863356,1,0,7.788733593727251,S
495,0,1,Passenger_495,male,28.91452658728409,3,1,56.44422568631048,Q
496,0,3,Passenger_496,male,38.88356403280115,2,0,7.06944055761813,S
497,0,2,Passenger_497,female,38.11872554460689,5,2,66.97150938658608,Q
498,1,3,Passenger_498,female,46.79522146201995,5,0,36.945090121154024,Q
499,0,3,Passenger_499,male,18.63914451173066,2,0,6.903717978672965,C
500,1,3,Passenger_500,male,35.44208172271552,5,1,32.60079202577528,S
501,0,1,Passenger_501,male,40.18247785829001,5,2,33.86976256419673,C
502,0,3,Passenger_502,male,20.56091431163391,3,4,82.05562650160833,C
503,0,1,Passenger_503,male,27.093165258246692,2,4,55.19914097857382,S
504,1,1,Passenger_504,female,5.500309760936844,4,3,21.311676273046018,C
505,0,1,Passenger_505,female,42.69600773176029,0,5,99.4719886160146,S
506,0,2,Passenger_506,female,26.98302516752183,0,0,68.79471204531674,C
507,1,1,Passenger_507,female,41.29189847353399,5,3,39.910328942610136,S
508,0,1,Passenger_508,male,32.884693250313184,0,1,3.384974429149331,S
509,1,2,Passenger_509,male,27.407686794351772,2,4,37.262192615594195,S
510,1,1,Passenger_510,male,7.700760809065198,2,0,43.38460746026988,Q
511,0,3,Passenger_511,male,10.19066344996984,1,1,61.07096994350767,C
512,1,3,Passenger_512,male,0.0,1,5,68.21769528978966,Q
513,0,1,Passenger_513,female,22.123411240398813,0,1,74.19746286232206,C
514,1,2,Passenger_514,male,61.89548184453747,4,0,1.6559770748435838,C
515,1,3,Passenger_515,female,11.968736546748005,1,5,56.25514463489727,C
516,0,2,Passenger_516,female,0.0,1,1,45.21152524255365,Q
517,1,2,Passenger_517,female,43.47736487419744,2,5,130.33931828509634,C
518,1,3,Passenger_518,female,63.09205017015382,4,0,51.940833172891125,Q
519,1,2,Passenger_519,male,34.17089491363724,5,0,31.320404046158856,S
520,1,3,Passenger_520,female,34.04225352607944,0,5,53.31106570150745,C
521,1,2,Passenger_521,female,25.66165096898748,1,2,49.742951359677015,C
522,0,3,Passenger_522,female,4.880398772859159,4,3,9.671179214530461,S
523,1,1,Passenger_523,male,9.69003315159133,4,1,62.24913390253512,S
524,0,3,Passenger_524,male,25.565453388420746,0,1,40.68325727964255,C
525,1,3,Passenger_525,male,22.88162523958359,4,2,49.19926354518444,S
526,0,3,Passenger_526,female,28.38757901122081,4,2,23.79294398328326,Q
527,0,3,Passenger_527,female,41.610547534994225,4,2,17.182573093632932,Q
528,1,2,Passenger_528,male,21.85427035316171,1,4,76.36647002226935,C
529,1,1,Passenger_529,female,41.89603458966456,0,4,83.25369969328472,Q
530,1,3,Passenger_530,male,21.94594406136122,4,5,62.542958163117056,Q
531,0,2,Passenger_531,male,44.535354300120595,4,4,4.323928016789033,C
532,1,1,Passenger_532,female,31.209145939027927,1,0,64.4919007778397,S
533,0,1,Passenger_533,female,23.898375227098832,0,5,3.8780965401005787,C
534,0,1,Passenger_534,female,30.970116847684455,2,1,30.16473095515204,Q
535,0,1,Passenger_535,female,25.890456209794067,1,3,75.96675346271725,C
536,1,3,Passenger_536,male,31.583879327519604,0,0,69.72795445113474,C
537,1,3,Passenger_537,male,40.6134867792446,4,1,63.709020936004094,Q
538,0,2,Passenger_538,male,28.7789816221809,0,1,89.38707961759351,Q
539,0,2,Passenger_539,male,24.826036060047066,0,5,66.8004544222378,C
540,1,2,Passenger_540,male,14.270773131248392,5,2,10.570576751226476,Q
541,0,1,Passenger_541,female,38.108492270084,0,2,38.91407461230921,Q
542,1,1,Passenger_542,male,34.87581116963815,2,0,48.75174626806818,Q
543,0,3,Passenger_543,male,13.452800087014708,0,2,45.23774819691884,Q
544,1,1,Passenger_544,male,41.696919890890655,2,1,31.48594474692831,Q
545,0,1,Passenger_545,female,13.225423543567302,4,2,19.09531599609216,Q
546,1,1,Passenger_546,female,44.40910507727451,2,4,122.02234908377956,S
547,0,2,Passenger_547,female,39.63008658061825,4,2,38.337655243826546,C
548,1,2,Passenger_548,female,35.87531731637297,4,1,120.54806160123358,Q
549,1,3,Passenger_549,male,24.722067771661493,2,5,15.76128785731838,C
550,0,1,Passenger_550,male,38.060916957330335,1,0,69.71180206277023,S
551,0,1,Passenger_551,female,45.069207933376525,3,3,56.88924249169608,Q
552,1,3,Passenger_552,female,38.29292689551443,0,2,22.341514188048176,C
553,0,1,Passenger_553,male,20.616499695832673,5,1,35.973286705379486,Q
554,1,1,Passenger_554,male,33.743697752976495,3,3,49.5460979191709,Q
555,0,2,Passenger_555,female,45.84848980813051,0,3,24.676501485016228,Q
556,1,3,Passenger_556,female,60.787374527793844,0,4,42.315782178937205,Q
557,1,3,Passenger_557,female,27.127018357011252,4,3,20.947072761718445,Q
558,1,3,Passenger_558,female,42.01036348584003,0,5,71.34547970806217,Q
559,1,3,Passenger_559,male,45.882727281180465,5,1,86.81455022368378,Q
560,1,2,Passenger_560,male,18.626330014143306,0,1,63.63091122495978,S
561,1,2,Passenger_561,male,54.949096452860736,2,2,117.9277438381334,S
562,0,1,Passenger_562,female,15.08741442283176,3,2,70.4628868279968,Q
563,0,1,Passenger_563,female,41.325797210461666,2,2,84.28428916332679,Q
564,0,1,Passenger_564,male,34.27447691365892,5,5,87.15088497530333,S
565,1,1,Passenger_565,male,30.778057839974238,0,3,32.530400697569036,S
566,1,2,Passenger_566,male,65.65566594028101,5,3,62.71019596248689,S
567,1,3,Passenger_567,male,25.782426705424783,4,4,8.511951490496564,Q
568,1,2,Passenger_568,female,25.557161701799483,2,5,14.572896452875838,C
569,0,1,Passenger_569,male,48.64070330356913,2,2,19.790801845942553,C
570,0,2,Passenger_570,male,40.66525289321497,1,0,40.618525999478706,C
571,1,3,Passenger_571,male,47.94938489341976,0,4,69.51379882213091,C
572,0,3,Passenger_572,male,31.636171352775587,4,0,63.019694750201126,Q
573,0,2,Passenger_573,male,34.43719663817028,2,3,49.62255851547207,C
574,1,2,Passenger_574,male,56.613098581924035,2,4,71.68050323617882,S
575,0,2,Passenger_575,male,18.296642885870252,4,4,73.50458964776308,S
576,1,1,Passenger_576,female,28.559721382716756,5,1,63.27872567700036,C
577,0,2,Passenger_577,female,41.17555699995623,5,3,1.7351435822435803,S
578,1,2,Passenger_578,female,27.25794851877027,0,3,27.82001631929828,Q
579,1,2,Passenger_579,female,22.017957690037502,1,5,50.78983501827946,C
580,1,3,Passenger_580,male,38.65878317901131,2,4,72.00358649423254,C
581,1,3,Passenger_581,female,48.70127933088092,1,3,10.1426102682804,Q
582,0,1,Passenger_582,female,28.028318920718,5,4,49.65964430674159,S
583,1,1,Passenger_583,male,27.639745308649513,5,5,3.0312663083164324,Q
584,1,3,Passenger_584,male,20.93236764043197,3,5,80.77753957157833,Q
585,1,3,Passenger_585,female,25.856324192319722,0,1,57.27041835094173,S
586,0,3,Passenger_586,female,45.1704851176226,3,4,9.615918921321722,Q
587,1,2,Passenger_587,male,31.134880189711197,3,3,9.418143865871201,S
588,0,2,Passenger_588,female,18.730130746975966,3,3,61.6229561475278,S
589,1,3,Passenger_589,male,33.67307332453127,0,4,91.24396743689496,Q
590,0,2,Passenger_590,male,44.71671615380457,0,4,17.096424876519585,S
591,0,2,Passenger_591,male,22.133600710335998,4,4,73.59812325848232,Q
592,1,1,Passenger_592,male,11.399526925662112,1,2,33.732868459165104,S
593,0,3,Passenger_593,female,60.671552238218524,1,3,74.6958230807866,C
594,1,3,Passenger_594,male,10.700589099394541,4,5,70.49572731095938,S
595,1,2,Passenger_595,male,24.973684106019,4,3,54.65899524447318,S
596,1,3,Passenger_596,female,33.249799166021376,5,2,5.03173918841749,Q
597,0,1,Passenger_597,male,26.186012182579923,3,4,70.4355695037234,S
598,0,1,Passenger_598,female,28.95124817482974,4,1,65.06057812990595,C
599,1,1,Passenger_599,female,38.07573435024431,2,4,62.31289259583507,C
600,1,3,Passenger_600,female,0.0,1,4,55.87022189692935,S
601,0,3,Passenger_601,male,12.263477398666083,4,2,23.63639335003676,S
602,1,3,Passenger_602,female,30.61963140498461,2,3,82.48888313057334,C
603,1,3,Passenger_603,female,24.34096183236946,2,4,76.94419162449907,Q
604,1,3,Passenger_604,male,31.81175761585837,2,3,17.737316694660045,C
605,0,1,Passenger_605,female,33.18714595683826,5,0,89.42885031553254,C
606,0,2,Passenger_606,female,0.37712006340611026,5,5,53.950083039061624,S
607,0,1,Passenger_607,female,47.83096465012305,2,3,53.87410859435517,S
608,1,3,Passenger_608,female,23.024249636595105,5,1,44.709339907439514,C
609,1,1,Passenger_609,female,17.88281541313591,3,5,47.66019810244833,Q
610,1,3,Passenger_610,male,32.91697414342991,2,1,91.12697564929309,C
611,0,3,Passenger_611,female,31.500243188951405,3,4,80.99224953795546,C
612,1,1,Passenger_612,female,46.75367144716493,3,5,80.35541250918244,Q
613,1,3,Passenger_613,male,33.806224278780235,2,3,55.53693057636134,C
614,1,2,Passenger_614,male,46.213551872340204,1,5,76.6751517060319,C
615,1,3,Passenger_615,male,16.865516744012123,2,4,24.970607778782846,S
616,0,2,Passenger_616,female,31.98605477290499,2,2,67.50328935494201,Q
617,0,2,Passenger_617,male,14.393532097451551,5,1,45.39535904093098,S
618,1,3,Passenger_618,female,31.367461977843913,2,4,11.79414962224967,S
619,0,1,Passenger_619,female,28.399968621573603,1,2,2.4169502353410977,Q
620,0,2,Passenger_620,male,27.797836047187356,5,5,30.1106365973234,Q
621,1,1,Passenger_621,male,27.920614266937143,0,5,62.4546195304613,C
622,1,2,Passenger_622,female,40.30945258258436,0,4,30.137606349980924,S
623,0,3,Passenger_623,male,7.496964801963884,3,3,32.266497878458736,Q
624,1,3,Passenger_624,female,17.402969921021587,3,5,72.89782765624525,S
625,0,2,Passenger_625,male,29.431994425567545,1,3,33.349636416509384,S
626,1,3,Passenger_626,male,13.498716747402504,4,3,89.92421726103234,Q
627,0,2,Passenger_627,male,30.645597486814616,0,3,84.95371219460404,C
628,1,3,Passenger_628,female,29.288064702624954,3,0,50.65643961713955,S
629,0,1,Passenger_629,male,10.347406969263837,0,2,72.60384354974985,Q
630,0,3,Passenger_630,female,9.655687952440115,1,2,68.51721363069146,C
631,0,1,Passenger_631,female,0.0,1,5,42.63004172121789,S
632,1,3,Passenger_632,female,12.91061930445322,4,5,75.84903988916439,Q
633,0,1,Passenger_633,female,30.200525614948397,4,3,80.26706166171581,S
634,0,3,Passenger_634,male,32.186629521172286,5,0,21.42694307628799,Q
635,1,1,Passenger_635,female,32.82659383479831,1,3,54.60645914962224,Q
636,1,2,Passenger_636,female,19.10913662265667,3,0,54.27511467728497,S
637,0,2,Passenger_637,male,29.743751223699146,0,3,75.48858402352114,S
638,0,1,Passenger_638,female,35.56142452938034,2,1,36.6842494865199,Q
639,1,3,Passenger_639,male,12.247502306983858,4,1,32.06719001670714,C
640,1,1,Passenger_640,female,31.72660704146756,2,4,55.06998980933461,S
641,1,3,Passenger_641,male,39.190736965691286,3,3,85.44077669760719,Q
642,1,2,Passenger_642,female,23.129190182479668,4,5,14.018686537701988,Q
643,1,3,Passenger_643,male,44.87128062489444,2,2,19.255815399886167,C
644,0,2,Passenger_644,female,23.455919186450423,3,4,34.384852760882346,C
645,1,3,Passenger_645,female,17.95914802827695,0,5,39.72268783755343,C
646,0,3,Passenger_646,male,37.79577649974088,3,1,2.9674840731254477,S
647,0,3,Passenger_647,male,58.466112772530394,5,3,94.94585860745443,Q
648,0,1,Passenger_648,male,31.194950664429328,4,4,46.09080225952664,Q
649,1,1,Passenger_649,male,38.88870925759208,1,3,41.59686427460086,Q
650,0,2,Passenger_650,female,22.877958904630184,0,1,98.67912614106251,C
651,0,2,Passenger_651,female,12.617372922855612,2,4,71.53380485371437,Q
652,1,1,Passenger_652,male,32.32771904261027,4,1,33.937343679999536,S
653,0,2,Passenger_653,female,34.541599605030754,1,0,54.938235359244665,C
654,0,1,Passenger_654,male,24.98924473466373,3,1,48.747886028705636,C
655,1,3,Passenger_655,male,38.83479125230108,1,3,93.4505257078783,C
656,0,2,Passenger_656,female,20.84287986259952,4,2,44.97727394949221,C
657,0,2,Passenger_657,female,17.370792278075612,4,1,6.738213744253706,S
658,0,1,Passenger_658,female,44.84900102680631,5,5,6.316723204158869,Q
659,1,2,Passenger_659,female,44.91486677158283,5,2,94.25484042220063,S
660,1,2,Passenger_660,female,21.119196518300498,1,0,26.341559067121093,Q
661,1,3,Passenger_661,female,54.063906865667505,3,4,70.1063496689993,S
662,0,2,Passenger_662,female,25.980506304576508,1,4,52.152902921451556,C
663,0,3,Passenger_663,male,31.186960105015423,4,2,37.50035636365227,C
664,1,1,Passenger_664,male,28.81486441412201,4,4,42.204577489906235,S
665,0,2,Passenger_665,male,37.33264304423952,2,1,97.50133644588598,S
666,0,3,Passenger_666,male,33.79990091321319,5,2,6.558097140706252,Q
667,1,1,Passenger_667,male,33.61147026214321,2,3,38.406343077322234,S
668,1,2,Passenger_668,female,15.726137155921595,0,1,77.19697282051104,S
669,0,1,Passenger_669,male,6.36012756494442,4,1,11.505649746612313,Q
670,0,2,Passenger_670,male,45.99024039554007,2,1,89.51848423332754,Q
671,0,1,Passenger_671,male,22.363756014843588,1,3,76.76749147260877,Q
672,1,1,Passenger_672,male,29.313532771931307,5,0,58.15387055397011,S
673,1,3,Passenger_673,male,34.57518473845693,5,5,34.90529287177198,Q
674,1,1,Passenger_674,male,52.80613444688976,3,4,7.65301534448129,C
675,1,2,Passenger_675,male,32.25901094499511,1,2,71.21137682402212,C
676,0,2,Passenger_676,female,24.47283411906264,3,0,132.4593480345166,C
677,1,3,Passenger_677,female,22.670378661984,2,2,54.376776077505745,S
678,1,2,Passenger_678,male,29.47700422261286,0,4,4.781362321957026,C
679,1,2,Passenger_679,female,17.26889322503142,1,3,63.725494703802426,S
680,1,2,Passenger_680,female,30.404260124086143,1,1,75.80788914203586,S
681,1,1,Passenger_681,female,29.271724361587804,1,1,22.464427043121887,C
682,0,1,Passenger_682,female,52.98137728101812,3,3,30.634642217318127,Q
683,0,2,Passenger_683,male,28.829584059727104,2,0,27.57865313761124,S
684,1,3,Passenger_684,female,3.0571657453161016,1,0,34.059083994089335,C
685,0,1,Passenger_685,female,67.4291535855507,1,2,44.83510657165862,S
686,1,3,Passenger_686,female,43.395672236185355,5,3,24.172966745194913,Q
687,1,2,Passenger_687,male,59.15288241733819,0,0,12.924867759433248,Q
688,0,2,Passenger_688,male,13.79752018221722,5,3,55.23126157025052,C
689,0,1,Passenger_689,male,26.894425062411912,5,4,44.52013880408898,S
690,1,2,Passenger_690,male,39.44161738092047,0,1,36.9127468964955,S
691,1,1,Passenger_691,male,37.50947921198242,2,1,52.49569150164543,S
692,1,2,Passenger_692,male,34.297127903033726,5,1,4.394728833246674,S
693,0,2,Passenger_693,male,0.0,2,3,57.8960876899028,C
694,1,1,Passenger_694,female,6.025847594099606,5,3,37.529353991313116,Q
695,1,1,Passenger_695,female,51.2452815268942,4,2,57.184684043383385,C
696,1,1,Passenger_696,female,53.73461346017565,0,1,61.98947316256903,S
697,0,2,Passenger_697,male,28.50688191989046,5,2,83.93453834858533,S
698,1,2,Passenger_698,male,49.465984641689346,4,1,53.08863250966734,Q
699,1,3,Passenger_699,male,15.674811273993829,3,2,82.00156490162979,S
700,0,1,Passenger_700,male,18.87803525143847,4,2,40.34260576609729,C
701,1,2,Passenger_701,male,14.56807549391591,1,4,41.774674599067296,C
702,1,2,Passenger_702,female,18.101126360358954,5,2,47.272154815289745,Q
703,0,1,Passenger_703,female,40.11774413331667,4,3,73.22374702034637,C
704,1,3,Passenger_704,male,17.927066777111776,2,2,68.92877231068739,C
705,0,1,Passenger_705,male,61.35640255899011,3,1,54.05215639585382,C
706,0,3,Passenger_706,male,36.440988488864136,5,2,13.167939751864353,C
707,1,2,Passenger_707,male,45.18337865093123,1,0,68.39177527298978,S
708,1,3,Passenger_708,female,36.859168159201026,4,5,24.157860956510874,C
709,1,2,Passenger_709,male,46.99977510642991,3,1,22.5230781860084,Q
710,1,1,Passenger_710,male,17.84800000646034,5,0,15.845447301869513,Q
711,0,1,Passenger_711,male,50.2570695347938,3,1,47.50493867593894,C
712,1,1,Passenger_712,male,31.973144398280116,1,3,86.35172895412063,Q
713,0,3,Passenger_713,female,46.92972555356235,4,5,21.039183668593587,C
714,1,2,Passenger_714,male,9.846103252733421,3,5,100.35727859522262,Q
715,1,1,Passenger_715,male,32.52816489251708,3,3,77.29430667360717,Q
716,1,1,Passenger_716,female,32.03334203494332,0,5,6.061938102481271,C
717,0,2,Passenger_717,female,21.330689490287817,3,3,38.516744534650364,C
718,1,1,Passenger_718,female,34.383663616461696,0,0,18.792491990275845,S
719,1,2,Passenger_719,male,51.55449587202121,4,4,69.94866373207148,C
720,1,2,Passenger_720,male,20.253866974516306,5,1,20.355099569887724,C
721,1,2,Passenger_721,female,43.46596098686914,5,3,1.3664156883146106,S
722,0,2,Passenger_722,female,14.216077213948886,4,1,40.22822669788735,C
723,1,2,Passenger_723,female,59.53222432499443,4,0,85.08182221088775,C
724,0,3,Passenger_724,female,40.984404458113914,2,4,44.2245132847234,S
725,0,1,Passenger_725,female,54.15164265162001,4,0,61.95331590070046,C
726,0,3,Passenger_726,female,39.408847267312744,3,5,63.11693292641122,C
727,0,1,Passenger_727,male,35.468584488211064,5,1,4.6317322177677624,S
728,0,3,Passenger_728,male,41.10106116680286,1,4,23.018776185360384,S
729,0,2,Passenger_729,male,28.0897355130416,5,5,50.19392561592792,Q
730,1,1,Passenger_730,female,7.350325322183494,0,4,33.27935049033835,C
731,0,1,Passenger_731,female,36.263590850535095,5,5,101.13363651182473,Q
732,0,3,Passenger_732,female,19.422953315603436,2,0,13.150328147573298,Q
733,0,3,Passenger_733,female,14.576733184688369,4,3,22.722196903014492,S
734,1,1,Passenger_734,female,38.90810435814054,4,1,58.71632778439238,C
735,1,3,Passenger_735,female,26.092481351404285,5,2,31.16319986650132,C
736,0,3,Passenger_736,male,44.38786169247966,1,2,36.754977968506196,S
737,1,3,Passenger_737,male,18.954829237373016,1,0,108.04043688241451,Q
738,0,2,Passenger_738,female,23.40839432880643,2,1,17.77083841320539,S
739,0,2,Passenger_739,male,46.10414436821951,0,1,66.82678168045418,C
740,1,3,Passenger_740,female,33.91779725396652,5,0,12.398264863275358,S
741,0,3,Passenger_741,male,9.317407427314045,4,1,24.1089527875103,C
742,1,2,Passenger_742,female,33.60865236004155,5,3,1.312009919562854,Q
743,1,2,Passenger_743,female,50.73733968024325,2,0,27.764197992107604,C
744,0,1,Passenger_744,male,23.29991577529946,3,3,30.671545476543518,Q
745,0,1,Passenger_745,male,38.372807750340726,3,1,46.02302967965309,Q
746,1,2,Passenger_746,female,18.10858318781733,2,0,38.82293472870652,C
747,0,3,Passenger_747,female,28.085034150427994,4,1,6.754405191085155,C
748,0,3,Passenger_748,male,45.25769751030607,2,0,34.2830051496822,Q
749,0,3,Passenger_749,male,33.06924334856963,4,1,93.41032000324421,S
750,1,3,Passenger_750,female,48.0497780780189,1,3,89.85171636235438,C
751,1,1,Passenger_751,male,35.954233659190066,2,3,63.6706108674407,Q
752,0,2,Passenger_752,female,61.06235548081179,4,1,69.89297740220519,Q
753,1,3,Passenger_753,female,8.091212830930228,2,0,111.82468403406038,S
754,1,1,Passenger_754,female,26.959293099146493,2,2,67.13742978765492,C
755,1,3,Passenger_755,female,14.81652689391128,4,3,69.32569581612653,Q
756,1,2,Passenger_756,male,15.772511557584508,4,3,3.0625092165937247,S
757,1,1,Passenger_757,male,15.899428286715445,0,5,16.62108316285584,Q
758,0,2,Passenger_758,male,32.348161508717084,2,2,49.01929048996391,C
759,0,2,Passenger_759,male,33.16821308750614,3,1,25.776733247772583,S
760,0,1,Passenger_760,male,35.98438294993163,2,0,20.061341389304847,Q
761,1,1,Passenger_761,male,14.277152157976275,2,5,23.526228553032542,S
762,1,1,Passenger_762,male,25.460852534023935,4,1,7.292880734566168,C
763,0,1,Passenger_763,female,16.499875043410846,2,4,26.258465417538453,S
764,1,1,Passenger_764,male,43.10234178780402,5,3,60.18306664432696,C
765,0,1,Passenger_765,male,17.816254297466372,2,4,103.88971779454054,Q
766,0,1,Passenger_766,female,27.00802987205766,5,3,73.90946548140857,C
767,0,3,Passenger_767,male,37.84429017852348,3,3,69.08466455118307,Q
768,1,2,Passenger_768,male,21.381198557034093,4,4,1.2939984680478247,Q
769,1,1,Passenger_769,female,39.71429822972915,2,4,53.57890115066051,C
770,0,3,Passenger_770,male,52.34511629746409,5,1,47.991202901085806,Q
771,0,3,Passenger_771,male,32.65596420215736,5,5,58.72223290853536,S
772,0,3,Passenger_772,male,42.6225528039577,5,5,39.179375915676225,Q
773,0,2,Passenger_773,female,0.9721075548906413,1,4,99.86230223044005,C
774,1,1,Passenger_774,male,23.99327302413009,0,1,51.58326548893468,S
775,1,3,Passenger_775,male,32.588611437005675,3,5,54.506700648106175,S
776,0,2,Passenger_776,female,15.258488902395705,2,1,8.873206745405511,Q
777,0,2,Passenger_777,male,32.90709069565728,1,1,46.79972954167037,Q
778,1,2,Passenger_778,female,44.839167784828106,2,3,84.47778050091904,C
779,1,3,Passenger_779,female,3.6861512078596945,2,5,66.66726824423107,S
780,0,1,Passenger_780,male,13.352979878746137,4,5,14.667728192293254,C
781,0,3,Passenger_781,female,32.5873857906986,4,3,36.50974780561327,Q
782,0,3,Passenger_782,female,36.44587621216067,4,4,101.9569840208901,S
783,1,1,Passenger_783,male,40.333125248735115,1,3,45.48077839155427,C
784,1,1,Passenger_784,female,31.55245270442875,2,5,59.67247948133382,C
785,1,1,Passenger_785,female,36.46117367022133,0,5,98.57027861861904,C
786,0,2,Passenger_786,male,42.64872991956953,3,4,45.36157575359282,C
787,0,1,Passenger_787,male,24.197586575215432,4,3,73.7308957987371,C
788,1,3,Passenger_788,male,21.479794795910106,4,0,62.341876314750834,S
789,1,1,Passenger_789,female,27.640907166911845,2,0,68.75446590531178,C
790,0,3,Passenger_790,male,32.792831191883785,2,4,61.3764697050041,S
791,1,2,Passenger_791,female,20.784171795181546,1,3,33.57110364455641,C
792,1,3,Passenger_792,female,24.487397569375034,1,3,36.56607345731991,Q
793,0,3,Passenger_793,female,35.56782478710214,4,1,24.362714588950247,Q
794,1,1,Passenger_794,female,32.20851093441601,2,5,0.80872643389133,C
795,0,1,Passenger_795,female,27.405280280579383,0,2,87.3358973202993,Q
796,0,3,Passenger_796,female,5.625029659122912,3,4,50.302489006436296,S
797,0,1,Passenger_797,female,29.950888111880438,2,2,85.82480547573373,C
798,0,2,Passenger_798,male,16.419944454873402,2,2,96.96118023753948,S
799,0,2,Passenger_799,male,43.7631578728826,5,4,51.60252442728632,C
800,0,1,Passenger_800,female,25.677903854100894,1,3,10.595326049281255,Q
801,0,2,Passenger_801,female,16.052751212884715,3,4,44.11435562442602,S
802,1,1,Passenger_802,male,29.13839416567932,4,2,29.865691797106358,Q
803,0,3,Passenger_803,female,47.789794191290675,2,5,9.404513771649626,Q
804,0,3,Passenger_804,male,38.831421888024664,4,5,34.948132852133654,C
805,1,2,Passenger_805,male,33.07884010848308,2,5,47.85388363806461,S
806,1,1,Passenger_806,male,11.434669173344012,4,3,30.700268127060355,Q
807,1,1,Passenger_807,female,52.702401396728504,3,0,26.85364739145539,C
808,0,2,Passenger_808,female,21.297219563497357,1,4,11.673925336011358,C
809,1,3,Passenger_809,male,43.0729747802128,3,5,55.87766445062832,C
810,0,2,Passenger_810,male,25.444919703080192,5,4,106.07807849648722,Q
811,0,3,Passenger_811,male,41.72511021476535,0,5,88.35871664153443,C
812,0,1,Passenger_812,male,48.29623734225383,1,3,69.60880663960896,S
813,0,3,Passenger_813,male,39.07392177870547,3,0,70.26227356793123,S
814,1,2,Passenger_814,female,40.581969436639156,5,0,46.02070567222625,Q
815,1,1,Passenger_815,male,28.62185419382115,0,5,4.135395378611207,S
816,0,2,Passenger_816,female,23.924474010980646,5,3,38.91704931617902,C
817,0,2,Passenger_817,male,31.93618165700134,2,1,20.92166938003549,Q
818,0,3,Passenger_818,female,25.241196919230962,2,4,54.6409024803597,C
819,1,2,Passenger_819,female,64.54085195137489,4,4,86.99644111816264,Q
820,0,3,Passenger_820,female,16.106983989132807,1,2,109.2022877074538,Q
821,0,1,Passenger_821,female,44.029193032265724,2,3,51.938630935415965,C
822,1,3,Passenger_822,female,37.24075568354619,5,2,0.01469011532066844,S
823,1,1,Passenger_823,female,33.21821091373513,1,5,51.88028150485935,S
824,0,3,Passenger_824,male,50.71840539879376,2,2,52.69568488740146,Q
825,1,2,Passenger_825,female,34.177284336416506,4,0,70.36531611578596,C
826,1,3,Passenger_826,male,21.111303123606188,3,4,49.42413348797508,C
827,0,3,Passenger_827,female,34.08422528154771,4,2,51.99554821882039,Q
828,1,1,Passenger_828,female,27.4355042353268,0,0,31.038177263388235,S
829,0,2,Passenger_829,male,37.04598536343308,2,3,40.64294050673364,C
830,1,3,Passenger_830,female,41.383030842812985,0,2,65.39697280445549,S
831,0,2,Passenger_831,male,17.972768806903026,0,5,10.254511484305013,S
832,0,3,Passenger_832,male,46.73470565203942,5,5,40.481343030085256,Q
833,0,3,Passenger_833,male,26.431402171841572,1,5,70.63699903987731,Q
834,1,2,Passenger_834,male,36.210594917550495,5,4,99.22186823016601,S
835,0,3,Passenger_835,female,38.63842238448974,2,2,38.049906676092895,C
836,1,2,Passenger_836,female,35.14344166882883,0,3,85.56109342471362,C
837,0,3,Passenger_837,male,28.472480752864033,3,2,100.70071536253829,Q
838,0,1,Passenger_838,female,23.159633852102704,0,4,38.43852796811966,S
839,1,2,Passenger_839,female,26.23407689775322,3,0,33.25374401504541,C
840,0,3,Passenger_840,male,51.91240705540428,5,4,44.5377658972422,C
841,0,3,Passenger_841,female,17.877869880193174,5,5,47.54144644810714,Q
842,1,1,Passenger_842,male,19.930593268518475,1,0,82.72468003566559,S
843,0,2,Passenger_843,male,19.315916475988,0,5,26.788244614712127,C
844,0,3,Passenger_844,female,31.900554318847313,4,1,96.14196308316409,Q
845,0,1,Passenger_845,female,8.654123700170718,5,4,25.977273418213457,C
846,0,3,Passenger_846,female,11.050162014118492,5,4,12.067252411473099,C
847,1,2,Passenger_847,male,26.346632338570387,1,3,65.71331634676037,C
848,1,3,Passenger_848,male,11.97114376582467,3,2,86.91681286607619,Q
849,0,3,Passenger_849,female,13.112201670040776,1,0,55.35966443038738,S
850,1,3,Passenger_850,female,12.07624226891885,0,0,63.05253193898821,Q
851,0,3,Passenger_851,female,18.147436072133395,2,3,108.62891714075934,S
852,1,1,Passenger_852,female,40.23745109338569,2,3,87.33958344605902,C
853,0,1,Passenger_853,male,43.37991138569515,3,2,50.927762533474976,S
854,0,2,Passenger_854,female,56.86601250506048,5,5,37.065593504541866,C
855,0,1,Passenger_855,male,56.3530660191887,3,2,82.85176599444158,C
856,0,1,Passenger_856,male,41.008377938326255,5,4,74.87851740277661,Q
857,0,2,Passenger_857,female,44.38748744721444,5,5,62.557300479802485,C
858,0,1,Passenger_858,female,31.835429269602855,2,1,40.189589420195354,Q
859,1,1,Passenger_859,female,37.278107928171764,3,2,47.708310911995,S
860,0,2,Passenger_860,male,57.21044267456438,1,3,45.574413061458316,S
861,1,2,Passenger_861,female,35.196980152795625,5,5,40.688936492561155,C
862,0,2,Passenger_862,female,46.14534009963336,4,2,31.96555590212052,Q
863,1,3,Passenger_863,male,16.919077479900846,4,0,57.955959078449055,C
864,1,3,Passenger_864,female,20.672657860384817,1,1,30.610541126919685,Q
865,1,2,Passenger_865,male,34.368974369129546,4,4,55.32137512743403,Q
866,0,2,Passenger_866,female,32.09904338088747,0,0,12.996196966571404,Q
867,0,2,Passenger_867,male,21.320921376331455,5,0,32.00377494197553,S
868,1,3,Passenger_868,female,63.703286175037064,1,1,82.94987602082143,Q
869,0,3,Passenger_869,female,32.41631745480812,3,4,22.98712323606531,S
870,1,1,Passenger_870,male,23.801849269414735,5,3,67.76305883129429,Q
871,0,1,Passenger_871,male,32.122663583048826,1,5,25.481487499007688,S
872,1,2,Passenger_872,female,30.355973836562885,2,4,73.2735697037966,S
873,1,3,Passenger_873,male,32.62923567047524,3,2,41.08673158404376,S
874,0,3,Passenger_874,male,7.6879617850855375,2,0,39.900601869041424,C
875,1,3,Passenger_875,male,48.08725375193612,5,2,51.630544356410496,Q
876,0,2,Passenger_876,male,48.8836118861481,3,3,9.697190986349128,C
877,1,1,Passenger_877,female,50.5844908085108,4,2,79.16272456269382,Q
878,1,2,Passenger_878,female,34.55604461950817,1,4,89.10300324547211,Q
879,0,1,Passenger_879,male,39.27473484230322,5,2,39.199055090151276,C
880,0,1,Passenger_880,male,17.8728227278985,0,3,65.7261251270464,S
881,0,2,Passenger_881,male,41.660590600363456,3,3,73.36732040636173,Q
882,1,1,Passenger_882,male,33.52502789651515,3,3,47.262273430051145,S
883,0,1,Passenger_883,female,23.55430738105061,5,4,16.752585418464044,C
884,1,3,Passenger_884,female,42.10642568297177,5,3,97.82246395855535,S
885,1,1,Passenger_885,male,42.6482865052754,2,0,38.22434885213604,Q
886,0,2,Passenger_886,male,30.84852369944906,4,3,31.725956923585706,Q
887,0,2,Passenger_887,male,36.137356121797644,2,2,99.16375794001777,Q
888,1,1,Passenger_888,female,15.555961832930151,2,5,68.3017630266861,C
889,1,3,Passenger_889,male,47.40456812100101,4,2,57.7229022817404,Q
890,0,3,Passenger_890,female,17.416615367511376,0,5,20.877180097923482,C
891,0,1,Passenger_891,male,20.12404092689154,2,2,74.08412174639662,S
892,0,1,Passenger_892,female,30.872419036027516,2,4,136.89555816559238,Q
893,0,2,Passenger_893,male,45.60322797905843,3,2,76.41522991635618,Q
894,0,1,Passenger_894,female,45.595280865019255,4,4,64.88265488877694,Q
895,1,3,Passenger_895,male,29.932455293328175,1,4,71.63278389458289,S
896,1,1,Passenger_896,male,40.82218707155336,0,3,40.15654000494372,Q
897,1,2,Passenger_897,male,6.353181709395457,0,0,39.87047811220555,C
898,1,2,Passenger_898,female,19.929520138186263,4,5,39.486635472913505,S
899,0,2,Passenger_899,male,20.214693847509587,5,3,32.751501338393695,S
900,0,2,Passenger_900,female,47.530980736637446,5,3,39.42665402671947,S
901,0,2,Passenger_901,female,39.165158280712106,3,4,39.28678423253244,S
902,1,1,Passenger_902,male,32.58513886266441,3,4,42.65946473497606,S
903,1,1,Passenger_903,male,33.94429089361124,4,5,41.819659052597004,C
904,0,1,Passenger_904,male,51.95674986442174,3,2,57.290355710291024,S
905,0,1,Passenger_905,female,27.617484668908276,0,2,52.36379054623538,Q
906,1,2,Passenger_906,male,11.603057680523442,0,3,55.02087360535109,S
907,1,3,Passenger_907,female,45.220732581534264,1,1,95.66892690033447,S
908,0,1,Passenger_908,female,32.54574652087085,5,1,52.302027161495346,S
909,0,3,Passenger_909,male,43.351403494320934,4,2,116.32672978402343,S
910,1,1,Passenger_910,male,29.37329269658889,2,1,60.58068619467836,S
911,0,1,Passenger_911,male,18.258346668145496,5,2,36.58221227351488,C
912,0,3,Passenger_912,male,35.639504095161676,2,4,90.48749717140998,C
913,0,2,Passenger_913,male,30.142450990380027,1,3,47.61418196875404,S
914,1,1,Passenger_914,male,32.58919196024173,1,0,21.810524552023864,C
915,1,1,Passenger_915,female,52.63198691764383,3,3,49.87990574494448,Q
916,1,1,Passenger_916,female,14.618165316614192,1,2,42.524724861681264,S
917,1,3,Passenger_917,female,34.002861246663755,1,2,98.19642158865005,Q
918,1,2,Passenger_918,male,18.534046337778527,2,3,23.072999449988995,Q
919,1,3,Passenger_919,female,0.0,3,5,40.02035545765183,S
920,1,3,Passenger_920,female,29.314487353688868,1,2,88.02918128181376,Q
921,0,2,Passenger_921,female,30.4343211179973,5,1,61.8322559817254,Q
922,0,3,Passenger_922,female,38.72930944131062,1,1,44.856295250805985,Q
923,0,2,Passenger_923,female,26.95442951982479,3,2,27.305430005808983,S
924,0,1,Passenger_924,male,9.153995028264394,4,2,60.55237180625092,S
925,0,2,Passenger_925,male,18.485957918431918,3,5,49.12096570345194,Q
926,0,1,Passenger_926,female,48.43742371361385,2,1,26.965122043784078,S
927,0,3,Passenger_927,female,18.287208989931166,4,2,28.524603760164048,S
928,1,3,Passenger_928,female,52.16515741569509,5,2,25.565836566647537,Q
929,1,1,Passenger_929,male,44.699780095999365,0,5,20.223331587083614,S
930,0,3,Passenger_930,male,25.551071539295023,3,5,78.02101279917008,C
931,0,2,Passenger_931,female,19.792891716562217,2,3,73.98180075861315,S
932,1,1,Passenger_932,male,44.6707815678281,5,5,78.07023369157379,C
933,0,3,Passenger_933,male,26.627242568689322,4,0,50.13498646305573,Q
934,0,1,Passenger_934,female,8.360898044200582,5,1,42.72113636599531,S
935,1,2,Passenger_935,male,37.87243268872562,3,3,43.268536703259905,Q
936,0,2,Passenger_936,male,35.84168827001461,1,0,80.63304718718325,Q
937,1,3,Passenger_937,female,45.92788683800689,3,2,4.604434659874869,Q
938,0,2,Passenger_938,male,34.89432999104416,0,2,34.565416899277324,Q
939,1,1,Passenger_939,male,22.311942321359957,3,3,23.37963117486748,Q
940,1,2,Passenger_940,female,47.77550375442988,4,5,90.79662639765223,S
941,1,1,Passenger_941,male,49.13786605750381,4,2,35.67627429658645,C
942,0,1,Passenger_942,male,33.2648834957929,3,4,0.9203349368067748,S
943,1,2,Passenger_943,female,30.844506803461613,4,3,56.70270926740369,S
944,0,3,Passenger_944,female,11.47420567652853,1,0,38.89657415318258,S
945,0,2,Passenger_945,female,21.494631207149332,5,3,33.29213576945114,S
946,0,1,Passenger_946,male,40.65077498743095,3,1,30.199041298225172,C
947,0,1,Passenger_947,female,22.19807579492219,1,5,29.015456625175794,S
948,1,2,Passenger_948,male,9.604269828493482,5,5,71.25680944569935,Q
949,1,3,Passenger_949,female,78.94228905440139,5,3,56.71362099673531,S
950,0,3,Passenger_950,male,9.512316582026362,1,2,44.06102733108412,S
951,0,1,Passenger_951,female,61.59451955007765,2,2,17.052833694609916,C
952,1,1,Passenger_952,female,25.69607177562436,3,4,44.93320029836238,C
953,0,3,Passenger_953,female,28.816118011986685,5,4,57.818835728000785,Q
954,1,2,Passenger_954,female,20.588104189373617,5,5,58.95963344778471,S
955,0,1,Passenger_955,male,40.95972030633049,4,4,54.82653148975307,S
956,0,1,Passenger_956,female,9.843161016458819,5,0,22.32221999517415,S
957,1,3,Passenger_957,female,4.235393492721592,1,4,22.095297777760578,Q
958,0,2,Passenger_958,male,52.54240141130049,5,0,103.988562801558,C
959,1,3,Passenger_959,female,18.744386416702312,2,4,10.710893776744058,Q
960,0,2,Passenger_960,male,40.44523367355558,3,5,8.948738760008148,S
961,0,2,Passenger_961,female,14.803614923452976,3,5,53.91546839012287,C
962,0,2,Passenger_962,female,39.91789460052415,5,0,1.2555550969216256,C
963,1,1,Passenger_963,female,53.5696509828983,0,3,25.85603754275344,Q
964,0,3,Passenger_964,male,22.62030060418837,0,5,66.46551277426485,C
965,0,3,Passenger_965,female,2.931824504996264,1,3,103.18061805422138,C
966,0,2,Passenger_966,female,53.64311478633867,0,2,61.6253542481713,S
967,0,1,Passenger_967,female,42.96742050134848,1,0,36.82522187369359,S
968,1,1,Passenger_968,male,23.370002727201687,4,5,48.45741336779474,C
969,1,3,Passenger_969,male,26.948671254238956,1,1,4.257578715247078,C
970,0,1,Passenger_970,female,14.450869252504395,0,2,36.47743672504549,Q
971,1,1,Passenger_971,male,49.88359705418744,5,3,36.50655188219167,Q
972,0,2,Passenger_972,female,22.51398149065097,4,5,54.5998598641154,C
973,0,1,Passenger_973,female,10.138080474335371,0,0,108.26568838081312,S
974,0,2,Passenger_974,female,32.9910423411746,1,4,8.103858661967173,C
975,1,3,Passenger_975,female,17.959812937900445,2,1,37.769671652765396,C
976,1,1,Passenger_976,female,15.579795937916487,3,3,5.005286319755378,S
977,1,3,Passenger_977,female,23.978611147332764,0,2,34.89907720248476,S
978,1,3,Passenger_978,female,31.20897441700519,1,0,24.061935766460195,Q
979,1,1,Passenger_979,male,10.664463417193542,4,1,5.169610774957995,Q
980,1,1,Passenger_980,male,49.39208495297253,0,0,77.39276091589338,Q
981,1,3,Passenger_981,male,39.48023596892102,0,5,57.669431115512886,Q
982,1,1,Passenger_982,male,24.884918129181763,3,4,73.87566888962138,S
983,1,2,Passenger_983,male,17.35319119184203,1,2,34.050385259975165,C
984,0,2,Passenger_984,male,28.7508436591667,2,0,47.87850572659752,Q
985,1,1,Passenger_985,male,42.592090570580105,4,3,97.83921923648944,Q
986,1,3,Passenger_986,female,40.42417638079551,1,5,49.91839414672662,S
987,1,1,Passenger_987,female,44.81906020631649,4,5,74.23869647478324,S
988,1,1,Passenger_988,female,23.274715126275492,0,2,31.47631091849813,C
989,1,3,Passenger_989,female,0.0,3,5,71.48052030092781,C
990,1,3,Passenger_990,male,47.46935677082746,3,3,33.53241920584095,S
991,1,2,Passenger_991,male,27.659253996987072,5,0,6.892671281790179,Q
992,1,3,Passenger_992,female,39.32632491660327,2,2,49.77251336236875,Q
993,1,2,Passenger_993,female,53.369202564964226,3,5,35.89090572188114,Q
994,1,3,Passenger_994,male,64.08172086532755,0,5,1.2565592180821312,C
995,1,1,Passenger_995,female,20.90249930602851,2,3,55.74478555019522,Q
996,0,2,Passenger_996,female,31.875438700319023,1,4,23.194205451400354,Q
997,0,2,Passenger_997,female,49.13571044847624,3,4,142.7792383538805,S
998,1,2,Passenger_998,female,18.18009374067806,2,5,6.066732997589973,Q
999,1,1,Passenger_999,male,21.850437686934008,0,0,13.612251726495813,S
1000,0,1,Passenger_1000,female,21.767459901575748,5,2,76.08653319943372,Q
